patient_id,time_step,split,hospital_id,provider_id,map_mm_hg,lactate_mmol_l,sex,previous_action,observed_clinician_action,terminal,next_6h_map_delta,next_6h_lactate_delta,next_6h_deterioration,adverse_hypotension_next_6h,adverse_fluid_overload_next_6h,adverse_tachyarrhythmia_next_6h
SYN-TRAIN-000,0,train,SYN-SITE-0,SYN-OPERATOR-0,93.16604411848019,4.071728362542397,F,maintain,escalate_vasopressor,0,4.715536333315012,-0.1765612797080241,0,0,0,0
SYN-TRAIN-000,1,train,SYN-SITE-0,SYN-OPERATOR-0,97.8815804517952,3.895167082834373,F,escalate_vasopressor,iv_fluids,0,0.06476943625509679,0.19640533948233282,0,0,0,0
SYN-TRAIN-000,2,train,SYN-SITE-0,SYN-OPERATOR-0,97.94634988805029,4.091572422316705,F,iv_fluids,maintain,1,3.859175480517081,0.2256971487473671,1,0,0,0
SYN-TRAIN-001,0,train,SYN-SITE-1,SYN-OPERATOR-1,61.30180405196475,2.1101690403993287,M,maintain,maintain,0,0.7385620539711651,0.1420663651417591,0,0,0,0
SYN-TRAIN-001,1,train,SYN-SITE-1,SYN-OPERATOR-1,62.04036610593592,2.252235405541088,M,maintain,iv_fluids,0,1.056407088510444,0.3930883508657753,0,0,0,0
SYN-TRAIN-001,2,train,SYN-SITE-1,SYN-OPERATOR-1,63.096773194446364,2.6453237564068632,M,iv_fluids,escalate_vasopressor,1,1.3454788952773136,-0.2974369001598476,0,0,0,0
SYN-TRAIN-002,0,train,SYN-SITE-2,SYN-OPERATOR-2,90.19631316615707,2.2884225792418853,F,maintain,maintain,0,3.049108407155376,-0.02045653370440323,0,0,0,0
SYN-TRAIN-002,1,train,SYN-SITE-2,SYN-OPERATOR-2,93.24542157331244,2.267966045537482,F,maintain,iv_fluids,0,1.7725365821133137,-0.0797635137653246,0,0,0,0
SYN-TRAIN-002,2,train,SYN-SITE-2,SYN-OPERATOR-2,95.01795815542576,2.1882025317721574,F,iv_fluids,escalate_vasopressor,1,1.4019588641305372,-0.5378192669447077,1,0,0,0
SYN-TRAIN-003,0,train,SYN-SITE-0,SYN-OPERATOR-3,59.2020108225272,3.8902467103932734,F,maintain,maintain,0,0.8816314010068612,0.12360458311736491,0,1,0,0
SYN-TRAIN-003,1,train,SYN-SITE-0,SYN-OPERATOR-3,60.08364222353406,4.013851293510639,F,maintain,iv_fluids,0,3.7976321071645964,0.11330996478016464,0,0,0,0
SYN-TRAIN-003,2,train,SYN-SITE-0,SYN-OPERATOR-3,63.88127433069866,4.127161258290803,F,iv_fluids,escalate_vasopressor,1,1.60173198707004,-0.2856602880300787,0,0,0,0
SYN-TRAIN-004,0,train,SYN-SITE-1,SYN-OPERATOR-0,78.21426599053598,1.2812476722623676,F,maintain,iv_fluids,0,-0.8510002273510708,-0.2694219142045494,0,0,0,0
SYN-TRAIN-004,1,train,SYN-SITE-1,SYN-OPERATOR-0,77.36326576318491,1.0118257580578183,F,iv_fluids,escalate_vasopressor,0,0.951802081310587,-0.2073060168961218,0,0,0,0
SYN-TRAIN-004,2,train,SYN-SITE-1,SYN-OPERATOR-0,78.3150678444955,0.8045197411616964,F,escalate_vasopressor,maintain,1,2.4651515463533675,-0.29447983438903036,0,0,0,0
SYN-TRAIN-005,0,train,SYN-SITE-2,SYN-OPERATOR-1,69.48944915822277,3.069903291422864,F,maintain,maintain,0,-0.547464849703342,-0.15900982090612042,0,0,0,0
SYN-TRAIN-005,1,train,SYN-SITE-2,SYN-OPERATOR-1,68.94198430851942,2.9108934705167435,F,maintain,escalate_vasopressor,0,0.5256032897721328,-0.42709100112932963,0,0,0,0
SYN-TRAIN-005,2,train,SYN-SITE-2,SYN-OPERATOR-1,69.46758759829156,2.483802469387414,F,escalate_vasopressor,iv_fluids,1,1.6204518434072706,-0.08885810193219618,0,0,1,0
SYN-TRAIN-006,0,train,SYN-SITE-0,SYN-OPERATOR-2,86.56267608068411,4.821959475953396,F,maintain,escalate_vasopressor,0,0.42884747104705934,-0.16123022970841516,0,0,0,0
SYN-TRAIN-006,1,train,SYN-SITE-0,SYN-OPERATOR-2,86.99152355173118,4.660729246244982,F,escalate_vasopressor,maintain,0,-2.179137920370891,-0.19188867440706706,0,0,0,0
SYN-TRAIN-006,2,train,SYN-SITE-0,SYN-OPERATOR-2,84.81238563136029,4.468840571837915,F,maintain,iv_fluids,1,-1.7425977063996139,0.14462126797502775,0,0,0,0
SYN-TRAIN-007,0,train,SYN-SITE-1,SYN-OPERATOR-3,77.52910061500461,2.1750102791446997,M,maintain,iv_fluids,0,3.8281884552999927,-0.5396391058201604,0,0,0,0
SYN-TRAIN-007,1,train,SYN-SITE-1,SYN-OPERATOR-3,81.3572890703046,1.6353711733245393,M,iv_fluids,maintain,0,1.0265146889880585,-0.04303233111248256,0,0,0,0
SYN-TRAIN-007,2,train,SYN-SITE-1,SYN-OPERATOR-3,82.38380375929266,1.5923388422120568,M,maintain,escalate_vasopressor,1,4.878262527167415,-0.8011401219405918,0,0,0,0
SYN-TRAIN-008,0,train,SYN-SITE-2,SYN-OPERATOR-0,58.66558870705076,2.0777227271359404,M,maintain,iv_fluids,0,2.6921370296679226,-0.09355666924031286,0,0,0,0
SYN-TRAIN-008,1,train,SYN-SITE-2,SYN-OPERATOR-0,61.357725736718685,1.9841660578956275,M,iv_fluids,maintain,0,-1.8890127237014076,-0.06648535510226529,0,0,0,0
SYN-TRAIN-008,2,train,SYN-SITE-2,SYN-OPERATOR-0,59.46871301301728,1.9176807027933622,M,maintain,escalate_vasopressor,1,0.5737688305018203,-0.3611091104065818,0,0,0,0
SYN-TRAIN-009,0,train,SYN-SITE-0,SYN-OPERATOR-1,78.9422859135367,2.5083957486498214,F,maintain,maintain,0,1.7732124536715623,-0.5720502177945979,0,0,0,0
SYN-TRAIN-009,1,train,SYN-SITE-0,SYN-OPERATOR-1,80.71549836720826,1.9363455308552235,F,maintain,escalate_vasopressor,0,-0.07008324277761924,-0.36271905335602217,0,0,0,0
SYN-TRAIN-009,2,train,SYN-SITE-0,SYN-OPERATOR-1,80.64541512443064,1.5736264774992015,F,escalate_vasopressor,iv_fluids,1,0.6524995698266389,0.13949611228672987,0,0,0,0
SYN-TRAIN-010,0,train,SYN-SITE-1,SYN-OPERATOR-2,91.56673099854159,3.198420360726035,M,maintain,maintain,0,0.16591903671264369,0.38397201807192344,0,1,0,0
SYN-TRAIN-010,1,train,SYN-SITE-1,SYN-OPERATOR-2,91.73265003525422,3.5823923787979584,M,maintain,iv_fluids,0,3.0414227583655506,0.17182002530392984,0,0,0,0
SYN-TRAIN-010,2,train,SYN-SITE-1,SYN-OPERATOR-2,94.77407279361978,3.7542124041018883,M,iv_fluids,escalate_vasopressor,1,-1.8237197025764207,-0.030657302370153933,0,1,0,0
SYN-TRAIN-011,0,train,SYN-SITE-2,SYN-OPERATOR-3,65.25408114168465,3.6467503530452112,F,maintain,escalate_vasopressor,0,6.562961486912222,-0.24583089403287428,0,0,0,0
SYN-TRAIN-011,1,train,SYN-SITE-2,SYN-OPERATOR-3,71.81704262859688,3.400919459012337,F,escalate_vasopressor,iv_fluids,0,0.29852278158664936,-0.364001673130244,0,0,0,0
SYN-TRAIN-011,2,train,SYN-SITE-2,SYN-OPERATOR-3,72.11556541018354,3.036917785882093,F,iv_fluids,maintain,1,-0.3832505491134064,-0.3471142360702375,0,0,0,0
SYN-TRAIN-012,0,train,SYN-SITE-0,SYN-OPERATOR-0,83.02172157870635,2.0047656805183207,M,maintain,iv_fluids,0,-0.4645117555657261,0.2347967573605325,0,0,0,0
SYN-TRAIN-012,1,train,SYN-SITE-0,SYN-OPERATOR-0,82.55720982314062,2.239562437878853,M,iv_fluids,maintain,0,-0.35102763321784736,-0.17538849087958922,0,0,0,0
SYN-TRAIN-012,2,train,SYN-SITE-0,SYN-OPERATOR-0,82.20618218992277,2.0641739469992637,M,maintain,escalate_vasopressor,1,2.868500112010049,-0.5063498854575376,0,0,0,0
SYN-TRAIN-013,0,train,SYN-SITE-1,SYN-OPERATOR-1,79.45893251378429,1.4919309540732462,F,maintain,maintain,0,-1.7031944860577009,0.021312526948711354,0,0,0,0
SYN-TRAIN-013,1,train,SYN-SITE-1,SYN-OPERATOR-1,77.7557380277266,1.5132434810219575,F,maintain,iv_fluids,0,3.115965495396491,-0.08425702550045613,0,0,0,0
SYN-TRAIN-013,2,train,SYN-SITE-1,SYN-OPERATOR-1,80.87170352312309,1.4289864555215013,F,iv_fluids,escalate_vasopressor,1,1.8043817833435634,0.2524580367781188,0,0,0,0
SYN-TRAIN-014,0,train,SYN-SITE-2,SYN-OPERATOR-2,74.58296202774778,2.349277215629865,M,maintain,iv_fluids,0,4.232730609701131,0.1739814786949155,0,0,0,0
SYN-TRAIN-014,1,train,SYN-SITE-2,SYN-OPERATOR-2,78.81569263744892,2.5232586943247806,M,iv_fluids,maintain,0,4.11795251647974,-0.08887594741867531,0,0,0,0
SYN-TRAIN-014,2,train,SYN-SITE-2,SYN-OPERATOR-2,82.93364515392867,2.4343827469061052,M,maintain,escalate_vasopressor,1,0.07380620704493301,0.006325804180919825,0,0,0,0
SYN-TRAIN-015,0,train,SYN-SITE-0,SYN-OPERATOR-3,86.24383176159466,1.49009095454828,M,maintain,maintain,0,1.1177763144822628,-0.2651017738504922,0,0,0,0
SYN-TRAIN-015,1,train,SYN-SITE-0,SYN-OPERATOR-3,87.36160807607692,1.2249891806977877,M,maintain,escalate_vasopressor,0,-1.7555194113233101,-0.7323199691218112,0,0,0,1
SYN-TRAIN-015,2,train,SYN-SITE-0,SYN-OPERATOR-3,85.60608866475361,0.49266921157597654,M,escalate_vasopressor,iv_fluids,1,1.0457322591705487,-0.23266900348421435,0,0,0,0
SYN-TRAIN-016,0,train,SYN-SITE-1,SYN-OPERATOR-0,83.11775769183319,4.734405376028702,M,maintain,escalate_vasopressor,0,5.453488965128003,-0.1541944042466889,0,0,0,0
SYN-TRAIN-016,1,train,SYN-SITE-1,SYN-OPERATOR-0,88.5712466569612,4.580210971782013,M,escalate_vasopressor,iv_fluids,0,-0.8756721397445877,-0.1438772542060122,0,0,0,0
SYN-TRAIN-016,2,train,SYN-SITE-1,SYN-OPERATOR-0,87.6955745172166,4.436333717576001,M,iv_fluids,maintain,1,-1.5368650606925234,-0.2708604456529738,0,0,0,0
SYN-TRAIN-017,0,train,SYN-SITE-2,SYN-OPERATOR-1,85.6805022195274,2.6527171932878995,F,maintain,maintain,0,0.6652310821945007,0.02603095123878258,0,1,0,0
SYN-TRAIN-017,1,train,SYN-SITE-2,SYN-OPERATOR-1,86.34573330172189,2.678748144526682,F,maintain,iv_fluids,0,3.047976060923249,-0.0327267241332551,0,0,0,0
SYN-TRAIN-017,2,train,SYN-SITE-2,SYN-OPERATOR-1,89.39370936264514,2.646021420393427,F,iv_fluids,escalate_vasopressor,1,2.876589043368438,-0.2983339110027923,0,1,0,0
SYN-TRAIN-018,0,train,SYN-SITE-0,SYN-OPERATOR-2,94.35610427370527,4.744453410440038,F,maintain,maintain,0,1.792128458814932,-0.07980521471438769,0,0,0,0
SYN-TRAIN-018,1,train,SYN-SITE-0,SYN-OPERATOR-2,96.1482327325202,4.6646481957256505,F,maintain,escalate_vasopressor,0,0.3451712581903257,-0.213354146860298,0,0,0,0
SYN-TRAIN-018,2,train,SYN-SITE-0,SYN-OPERATOR-2,96.49340399071052,4.4512940488653525,F,escalate_vasopressor,iv_fluids,1,2.662682557192034,0.26482847591833925,0,0,0,0
SYN-TRAIN-019,0,train,SYN-SITE-1,SYN-OPERATOR-3,63.02138110837984,2.078542761501646,M,maintain,maintain,0,1.5765856440169703,0.056373240675815846,0,0,0,0
SYN-TRAIN-019,1,train,SYN-SITE-1,SYN-OPERATOR-3,64.59796675239681,2.134916002177462,M,maintain,escalate_vasopressor,0,5.555243848111435,-0.39797965173663885,0,0,0,0
SYN-TRAIN-019,2,train,SYN-SITE-1,SYN-OPERATOR-3,70.15321060050825,1.736936350440823,M,escalate_vasopressor,iv_fluids,1,6.207151028987001,-0.09971815037525232,0,0,0,0
SYN-TRAIN-020,0,train,SYN-SITE-2,SYN-OPERATOR-0,77.84220852060515,4.556868299099765,M,maintain,maintain,0,1.541478145870683,-0.1279537652814445,0,0,0,0
SYN-TRAIN-020,1,train,SYN-SITE-2,SYN-OPERATOR-0,79.38368666647584,4.428914533818321,M,maintain,escalate_vasopressor,0,1.9031047900015767,-0.31308280466832344,0,0,0,0
SYN-TRAIN-020,2,train,SYN-SITE-2,SYN-OPERATOR-0,81.28679145647742,4.115831729149997,M,escalate_vasopressor,iv_fluids,1,1.2262379141320974,-0.2512923190258233,0,0,0,0
SYN-TRAIN-021,0,train,SYN-SITE-0,SYN-OPERATOR-1,60.86163621169449,3.4581088981185513,M,maintain,iv_fluids,0,-0.3831229780968546,0.07727722247248611,0,0,0,0
SYN-TRAIN-021,1,train,SYN-SITE-0,SYN-OPERATOR-1,60.47851323359763,3.5353861205910375,M,iv_fluids,escalate_vasopressor,0,3.5278685090975292,-0.14435595835593862,0,0,0,0
SYN-TRAIN-021,2,train,SYN-SITE-0,SYN-OPERATOR-1,64.00638174269515,3.391030162235099,M,escalate_vasopressor,maintain,1,1.7307946426230059,0.0779725480339027,0,0,0,0
SYN-TRAIN-022,0,train,SYN-SITE-1,SYN-OPERATOR-2,69.7277718542049,1.8647929899551294,M,maintain,escalate_vasopressor,0,1.684669745673593,-0.12447031651538276,0,0,0,0
SYN-TRAIN-022,1,train,SYN-SITE-1,SYN-OPERATOR-2,71.41244159987849,1.7403226734397466,M,escalate_vasopressor,iv_fluids,0,-0.37239711396881225,0.14151704232142273,0,0,0,0
SYN-TRAIN-022,2,train,SYN-SITE-1,SYN-OPERATOR-2,71.04004448590968,1.8818397157611693,M,iv_fluids,maintain,1,-1.4848326745660796,-0.027068481586147004,0,0,0,0
SYN-TRAIN-023,0,train,SYN-SITE-2,SYN-OPERATOR-3,64.68745980541571,1.1711861992473658,M,maintain,maintain,0,-0.27030532955661435,0.24832046384888032,0,0,0,0
SYN-TRAIN-023,1,train,SYN-SITE-2,SYN-OPERATOR-3,64.41715447585909,1.419506663096246,M,maintain,escalate_vasopressor,0,2.774657348767681,-0.6250983766186209,0,0,0,0
SYN-TRAIN-023,2,train,SYN-SITE-2,SYN-OPERATOR-3,67.19181182462677,0.7944082864776252,M,escalate_vasopressor,iv_fluids,1,2.3390943491186134,-0.5275874595878921,0,0,0,0
SYN-TRAIN-024,0,train,SYN-SITE-0,SYN-OPERATOR-0,75.26260785769841,3.1571472410590653,F,maintain,escalate_vasopressor,0,0.4594313913533017,0.0673805425036067,0,1,0,1
SYN-TRAIN-024,1,train,SYN-SITE-0,SYN-OPERATOR-0,75.72203924905172,3.224527783562672,F,escalate_vasopressor,iv_fluids,0,4.456387118114083,-0.10696591813094886,1,0,0,0
SYN-TRAIN-024,2,train,SYN-SITE-0,SYN-OPERATOR-0,80.1784263671658,3.117561865431723,F,iv_fluids,maintain,1,3.0956968222277506,-0.18378955625261467,1,0,0,0
SYN-TRAIN-025,0,train,SYN-SITE-1,SYN-OPERATOR-1,59.79412460114381,1.6576057525695216,F,maintain,escalate_vasopressor,0,-0.34702049750184916,-0.6000434487056441,0,0,0,0
SYN-TRAIN-025,1,train,SYN-SITE-1,SYN-OPERATOR-1,59.447104103641955,1.0575623038638775,F,escalate_vasopressor,iv_fluids,0,3.6910587096314753,0.16801044620145414,0,0,0,0
SYN-TRAIN-025,2,train,SYN-SITE-1,SYN-OPERATOR-1,63.13816281327343,1.2255727500653317,F,iv_fluids,maintain,1,-2.0519463885254527,-0.20204348160842278,0,0,0,0
SYN-TRAIN-026,0,train,SYN-SITE-2,SYN-OPERATOR-2,56.145703729579125,1.283694380009063,M,maintain,maintain,0,0.8272569861482202,-0.56320874127379,1,0,0,0
SYN-TRAIN-026,1,train,SYN-SITE-2,SYN-OPERATOR-2,56.972960715727346,0.720485638735273,M,maintain,escalate_vasopressor,0,4.69996712803051,-0.14662436677493174,0,0,0,0
SYN-TRAIN-026,2,train,SYN-SITE-2,SYN-OPERATOR-2,61.672927843757854,0.5738612719603413,M,escalate_vasopressor,iv_fluids,1,0.15546348533954135,0.24439474616028586,0,0,0,0
SYN-TRAIN-027,0,train,SYN-SITE-0,SYN-OPERATOR-3,83.66502466368223,3.2860949868759546,F,maintain,escalate_vasopressor,0,2.0334010426829607,-0.11666899580311926,1,0,0,0
SYN-TRAIN-027,1,train,SYN-SITE-0,SYN-OPERATOR-3,85.69842570636519,3.1694259910728353,F,escalate_vasopressor,iv_fluids,0,-0.36906776197539526,0.07665168638459352,0,0,0,0
SYN-TRAIN-027,2,train,SYN-SITE-0,SYN-OPERATOR-3,85.32935794438978,3.246077677457429,F,iv_fluids,maintain,1,0.9058741230652704,-0.4935659845671623,0,0,0,0
SYN-TRAIN-028,0,train,SYN-SITE-1,SYN-OPERATOR-0,64.42914666144809,2.8258057778908032,M,maintain,iv_fluids,0,3.5846660930230887,0.21436991881688075,0,1,1,0
SYN-TRAIN-028,1,train,SYN-SITE-1,SYN-OPERATOR-0,68.01381275447118,3.040175696707684,M,iv_fluids,maintain,0,1.0080174920633178,0.22834048840580834,0,0,0,0
SYN-TRAIN-028,2,train,SYN-SITE-1,SYN-OPERATOR-0,69.02183024653449,3.2685161851134925,M,maintain,escalate_vasopressor,1,4.22639420603358,-0.766881940171497,0,0,0,0
SYN-TRAIN-029,0,train,SYN-SITE-2,SYN-OPERATOR-1,66.32209457085438,3.7155299213219,M,maintain,maintain,0,-3.0860539175848216,-0.10747538122022522,0,0,0,0
SYN-TRAIN-029,1,train,SYN-SITE-2,SYN-OPERATOR-1,63.236040653269555,3.608054540101675,M,maintain,iv_fluids,0,1.5154992345096812,-0.2773925070366361,0,0,0,0
SYN-TRAIN-029,2,train,SYN-SITE-2,SYN-OPERATOR-1,64.75153988777923,3.330662033065039,M,iv_fluids,escalate_vasopressor,1,0.2501210567509924,-0.4911611369522116,0,0,0,0
SYN-TRAIN-030,0,train,SYN-SITE-0,SYN-OPERATOR-2,75.72382031579849,1.8450462674325716,M,maintain,escalate_vasopressor,0,4.6079027952701015,-0.0010940789770352288,0,0,0,0
SYN-TRAIN-030,1,train,SYN-SITE-0,SYN-OPERATOR-2,80.3317231110686,1.8439521884555363,M,escalate_vasopressor,iv_fluids,0,-0.17849597383361804,-0.5952538354431044,0,1,0,0
SYN-TRAIN-030,2,train,SYN-SITE-0,SYN-OPERATOR-2,80.15322713723498,1.2486983530124318,M,iv_fluids,maintain,1,3.684230619834823,-0.0311025504564075,0,0,0,0
SYN-TRAIN-031,0,train,SYN-SITE-1,SYN-OPERATOR-3,86.5825823712925,2.385818829079511,F,maintain,iv_fluids,0,0.5078677573004844,-0.47904354621227074,0,0,0,0
SYN-TRAIN-031,1,train,SYN-SITE-1,SYN-OPERATOR-3,87.09045012859299,1.90677528286724,F,iv_fluids,escalate_vasopressor,0,1.156554720273319,-0.5228434035895075,0,0,0,0
SYN-TRAIN-031,2,train,SYN-SITE-1,SYN-OPERATOR-3,88.24700484886631,1.3839318792777324,F,escalate_vasopressor,maintain,1,-3.9528464260616993,-0.03544768459055614,0,0,0,0
SYN-TRAIN-032,0,train,SYN-SITE-2,SYN-OPERATOR-0,79.19296936372443,3.161488868916357,M,maintain,escalate_vasopressor,0,4.809584888348774,-0.2891771449544021,0,0,0,0
SYN-TRAIN-032,1,train,SYN-SITE-2,SYN-OPERATOR-0,84.00255425207321,2.8723117239619547,M,escalate_vasopressor,maintain,0,-1.6903011473567546,0.06855254247009325,0,0,0,0
SYN-TRAIN-032,2,train,SYN-SITE-2,SYN-OPERATOR-0,82.31225310471646,2.940864266432048,M,maintain,iv_fluids,1,1.586724946881302,-0.17138389769630147,0,0,1,0
SYN-TRAIN-033,0,train,SYN-SITE-0,SYN-OPERATOR-1,77.53528150795731,4.427362968740564,M,maintain,iv_fluids,0,2.8553103100384947,-0.8019877872784995,0,0,0,0
SYN-TRAIN-033,1,train,SYN-SITE-0,SYN-OPERATOR-1,80.3905918179958,3.625375181462064,M,iv_fluids,maintain,0,4.459069470172355,0.22161739667068583,0,0,0,0
SYN-TRAIN-033,2,train,SYN-SITE-0,SYN-OPERATOR-1,84.84966128816815,3.84699257813275,M,maintain,escalate_vasopressor,1,2.225241257788438,0.03167356531320084,0,0,0,0
SYN-TRAIN-034,0,train,SYN-SITE-1,SYN-OPERATOR-2,62.41358469099783,2.7608218981826087,M,maintain,maintain,0,-1.8370360256974634,0.11841039491578066,0,0,0,0
SYN-TRAIN-034,1,train,SYN-SITE-1,SYN-OPERATOR-2,60.576548665300365,2.8792322930983896,M,maintain,iv_fluids,0,-0.30439868305072904,-0.025007466012368376,0,0,0,0
SYN-TRAIN-034,2,train,SYN-SITE-1,SYN-OPERATOR-2,60.27214998224964,2.8542248270860213,M,iv_fluids,escalate_vasopressor,1,3.6847743445481114,-0.3728329866204872,0,0,0,1
SYN-TRAIN-035,0,train,SYN-SITE-2,SYN-OPERATOR-3,55.39412107800713,1.7054175909994034,F,maintain,maintain,0,0.4979855419654148,-0.002127464495272379,0,0,0,0
SYN-TRAIN-035,1,train,SYN-SITE-2,SYN-OPERATOR-3,55.892106619972544,1.703290126504131,F,maintain,escalate_vasopressor,0,2.854644525632668,-0.10709160514307386,0,0,0,0
SYN-TRAIN-035,2,train,SYN-SITE-2,SYN-OPERATOR-3,58.74675114560521,1.596198521361057,F,escalate_vasopressor,iv_fluids,1,2.8944196814665633,-0.051244606992713215,0,0,0,0
SYN-TRAIN-036,0,train,SYN-SITE-0,SYN-OPERATOR-0,59.51537047584832,4.646401067792338,F,maintain,iv_fluids,0,0.8812249361550769,0.09971038041942201,0,0,0,0
SYN-TRAIN-036,1,train,SYN-SITE-0,SYN-OPERATOR-0,60.3965954120034,4.74611144821176,F,iv_fluids,maintain,0,0.7318882953997691,0.47039427852399857,0,0,0,0
SYN-TRAIN-036,2,train,SYN-SITE-0,SYN-OPERATOR-0,61.12848370740317,5.216505726735758,F,maintain,escalate_vasopressor,1,3.7441477464559547,-0.5264529171583116,0,0,0,0
SYN-TRAIN-037,0,train,SYN-SITE-1,SYN-OPERATOR-1,72.0379766157534,3.537959979852704,F,maintain,maintain,0,-3.1735140311620857,-0.012791017717085086,0,0,0,0
SYN-TRAIN-037,1,train,SYN-SITE-1,SYN-OPERATOR-1,68.86446258459131,3.525168962135619,F,maintain,escalate_vasopressor,0,2.2859069134935193,-0.1920270886118177,1,0,0,0
SYN-TRAIN-037,2,train,SYN-SITE-1,SYN-OPERATOR-1,71.15036949808483,3.333141873523801,F,escalate_vasopressor,iv_fluids,1,5.41218723384355,0.24876997073150506,0,0,0,0
SYN-TRAIN-038,0,train,SYN-SITE-2,SYN-OPERATOR-2,71.25248678303677,3.251487795526041,F,maintain,iv_fluids,0,0.5044193500777816,-0.0016842903033138096,0,0,1,0
SYN-TRAIN-038,1,train,SYN-SITE-2,SYN-OPERATOR-2,71.75690613311455,3.249803505222727,F,iv_fluids,escalate_vasopressor,0,5.480429458262857,-0.34526000842391985,0,0,0,1
SYN-TRAIN-038,2,train,SYN-SITE-2,SYN-OPERATOR-2,77.23733559137742,2.9045434967988073,F,escalate_vasopressor,maintain,1,-0.184357808130545,0.10607471788346469,0,0,0,0
SYN-TRAIN-039,0,train,SYN-SITE-0,SYN-OPERATOR-3,65.64223548624634,4.500714549687682,F,maintain,maintain,0,6.228137329784776,-0.0682822632283041,0,1,0,0
SYN-TRAIN-039,1,train,SYN-SITE-0,SYN-OPERATOR-3,71.87037281603111,4.432432286459378,F,maintain,iv_fluids,0,3.7539252592163015,-0.6047461624576935,0,0,0,0
SYN-TRAIN-039,2,train,SYN-SITE-0,SYN-OPERATOR-3,75.62429807524741,3.827686124001685,F,iv_fluids,escalate_vasopressor,1,3.3966090276683603,-0.4578798144718795,0,0,0,0
SYN-TRAIN-040,0,train,SYN-SITE-1,SYN-OPERATOR-0,56.494205712677875,1.9003470226650756,F,maintain,escalate_vasopressor,0,5.39594424916414,-0.2646996164269094,0,0,0,0
SYN-TRAIN-040,1,train,SYN-SITE-1,SYN-OPERATOR-0,61.89014996184201,1.6356474062381663,F,escalate_vasopressor,iv_fluids,0,2.70433246125791,0.1717807906384046,0,0,0,0
SYN-TRAIN-040,2,train,SYN-SITE-1,SYN-OPERATOR-0,64.59448242309992,1.8074281968765709,F,iv_fluids,maintain,1,2.8067002341788623,0.06511110956077748,0,0,0,0
SYN-TRAIN-041,0,train,SYN-SITE-2,SYN-OPERATOR-1,79.60219640609212,4.983859901105868,M,maintain,maintain,0,4.734697978219795,0.1146828987614369,0,0,0,0
SYN-TRAIN-041,1,train,SYN-SITE-2,SYN-OPERATOR-1,84.33689438431192,5.098542799867305,M,maintain,iv_fluids,0,0.6107499078847305,-0.4330297434569522,0,0,0,0
SYN-TRAIN-041,2,train,SYN-SITE-2,SYN-OPERATOR-1,84.94764429219664,4.665513056410353,M,iv_fluids,escalate_vasopressor,1,2.4326242097334245,-0.22905718106545703,0,0,0,0
SYN-TRAIN-042,0,train,SYN-SITE-0,SYN-OPERATOR-2,78.57440252362613,2.8668427062068966,M,maintain,iv_fluids,0,1.8425557608528185,-0.4642976624706495,0,0,0,0
SYN-TRAIN-042,1,train,SYN-SITE-0,SYN-OPERATOR-2,80.41695828447895,2.402545043736247,M,iv_fluids,maintain,0,-0.622628705637548,-0.47084160367666794,0,0,0,0
SYN-TRAIN-042,2,train,SYN-SITE-0,SYN-OPERATOR-2,79.7943295788414,1.9317034400595792,M,maintain,escalate_vasopressor,1,3.3111293031517546,-0.14615220172436358,0,0,0,0
SYN-TRAIN-043,0,train,SYN-SITE-1,SYN-OPERATOR-3,70.96305004283776,1.3866579522554079,F,maintain,maintain,0,0.9106643707595475,-0.4097878713489873,0,0,0,0
SYN-TRAIN-043,1,train,SYN-SITE-1,SYN-OPERATOR-3,71.87371441359731,0.9768700809064206,F,maintain,escalate_vasopressor,0,0.9438352490111095,0.142541350564718,0,0,0,0
SYN-TRAIN-043,2,train,SYN-SITE-1,SYN-OPERATOR-3,72.81754966260843,1.1194114314711385,F,escalate_vasopressor,iv_fluids,1,1.016323488343851,-0.1456816370280251,0,1,0,0
SYN-TRAIN-044,0,train,SYN-SITE-2,SYN-OPERATOR-0,72.82593699547414,2.523487839996736,F,maintain,maintain,0,-0.5967317988049177,-0.3055101533498491,0,0,0,0
SYN-TRAIN-044,1,train,SYN-SITE-2,SYN-OPERATOR-0,72.22920519666921,2.2179776866468868,F,maintain,escalate_vasopressor,0,1.976966898446022,-0.0022600954085494895,0,0,0,0
SYN-TRAIN-044,2,train,SYN-SITE-2,SYN-OPERATOR-0,74.20617209511524,2.215717591238337,F,escalate_vasopressor,iv_fluids,1,-0.05164516950013609,-0.22527667092873727,0,0,0,0
SYN-TRAIN-045,0,train,SYN-SITE-0,SYN-OPERATOR-1,89.03355604688105,2.4233115178415177,F,maintain,maintain,0,-2.867992578875581,-0.0033381538625330896,0,0,0,0
SYN-TRAIN-045,1,train,SYN-SITE-0,SYN-OPERATOR-1,86.16556346800546,2.4199733639789844,F,maintain,escalate_vasopressor,0,2.6786241597833396,0.069361475730852,0,0,0,1
SYN-TRAIN-045,2,train,SYN-SITE-0,SYN-OPERATOR-1,88.8441876277888,2.4893348397098363,F,escalate_vasopressor,iv_fluids,1,2.229141316136378,-0.13514657786082576,0,0,0,0
SYN-TRAIN-046,0,train,SYN-SITE-1,SYN-OPERATOR-2,64.15837845634202,2.1305003428070495,F,maintain,maintain,0,2.1853418746628948,0.32886358275543015,0,0,0,0
SYN-TRAIN-046,1,train,SYN-SITE-1,SYN-OPERATOR-2,66.34372033100492,2.4593639255624797,F,maintain,escalate_vasopressor,0,0.22007598868196432,-0.15635939214339786,0,1,0,0
SYN-TRAIN-046,2,train,SYN-SITE-1,SYN-OPERATOR-2,66.56379631968689,2.303004533419082,F,escalate_vasopressor,iv_fluids,1,-1.2221524260641528,-0.0040773609545236705,0,0,0,0
SYN-TRAIN-047,0,train,SYN-SITE-2,SYN-OPERATOR-3,69.23506535133008,2.171143640311529,M,maintain,maintain,0,5.076866950599107,0.0036263211141425475,0,0,0,0
SYN-TRAIN-047,1,train,SYN-SITE-2,SYN-OPERATOR-3,74.31193230192919,2.1747699614256715,M,maintain,escalate_vasopressor,0,5.031283965071346,-0.15369451748833268,1,0,0,0
SYN-TRAIN-047,2,train,SYN-SITE-2,SYN-OPERATOR-3,79.34321626700054,2.0210754439373386,M,escalate_vasopressor,iv_fluids,1,2.2055706495840486,-0.34594036919616783,0,0,0,0
SYN-TRAIN-048,0,train,SYN-SITE-0,SYN-OPERATOR-0,64.2706703678367,3.6189989647925747,F,maintain,escalate_vasopressor,0,2.5515368194637165,-0.08465999704814532,0,0,0,0
SYN-TRAIN-048,1,train,SYN-SITE-0,SYN-OPERATOR-0,66.82220718730042,3.5343389677444295,F,escalate_vasopressor,maintain,0,3.94590395928313,0.6632384348574735,0,0,0,0
SYN-TRAIN-048,2,train,SYN-SITE-0,SYN-OPERATOR-0,70.76811114658355,4.197577402601903,F,maintain,iv_fluids,1,-0.36787439115434273,-0.007568424308528263,0,0,0,0
SYN-TRAIN-049,0,train,SYN-SITE-1,SYN-OPERATOR-1,81.90454580167369,1.6302522289481094,F,maintain,escalate_vasopressor,0,-1.1844080845427656,-0.4187105416886112,0,0,0,0
SYN-TRAIN-049,1,train,SYN-SITE-1,SYN-OPERATOR-1,80.72013771713092,1.2115416872594982,F,escalate_vasopressor,iv_fluids,0,3.9818921652608257,-0.48427405855025163,0,0,0,0
SYN-TRAIN-049,2,train,SYN-SITE-1,SYN-OPERATOR-1,84.70202988239176,0.7272676287092465,F,iv_fluids,maintain,1,-0.4758200662707994,-0.007514694202183682,0,0,0,0
SYN-TRAIN-050,0,train,SYN-SITE-2,SYN-OPERATOR-2,56.40979220988672,3.1915511253841613,M,maintain,escalate_vasopressor,0,2.4934527637187553,-0.7855961828755811,1,0,0,0
SYN-TRAIN-050,1,train,SYN-SITE-2,SYN-OPERATOR-2,58.903244973605474,2.40595494250858,M,escalate_vasopressor,iv_fluids,0,-1.949951926638684,0.11461418818026606,0,0,0,0
SYN-TRAIN-050,2,train,SYN-SITE-2,SYN-OPERATOR-2,56.95329304696679,2.520569130688846,M,iv_fluids,maintain,1,0.12944956355238607,0.35662532970155175,0,0,0,0
SYN-TRAIN-051,0,train,SYN-SITE-0,SYN-OPERATOR-3,90.92412731189786,3.6042185060929928,M,maintain,escalate_vasopressor,0,2.383786364032273,0.09287294703940147,0,0,0,0
SYN-TRAIN-051,1,train,SYN-SITE-0,SYN-OPERATOR-3,93.30791367593014,3.697091453132394,M,escalate_vasopressor,iv_fluids,0,-0.769300151373852,-0.2522599094129059,0,0,0,0
SYN-TRAIN-051,2,train,SYN-SITE-0,SYN-OPERATOR-3,92.53861352455628,3.4448315437194883,M,iv_fluids,maintain,1,-3.722289643558604,0.2490093946206009,0,0,0,0
SYN-TRAIN-052,0,train,SYN-SITE-1,SYN-OPERATOR-0,63.3040013994861,4.3473480854280915,F,maintain,iv_fluids,0,3.177827001064804,0.48182209759826333,0,0,0,0
SYN-TRAIN-052,1,train,SYN-SITE-1,SYN-OPERATOR-0,66.4818284005509,4.8291701830263545,F,iv_fluids,maintain,0,-0.2817576860630275,0.17359733077514466,1,0,0,0
SYN-TRAIN-052,2,train,SYN-SITE-1,SYN-OPERATOR-0,66.20007071448786,5.0027675138014995,F,maintain,escalate_vasopressor,1,4.808840107334463,-0.09727840905317098,0,0,0,0
SYN-TRAIN-053,0,train,SYN-SITE-2,SYN-OPERATOR-1,72.46351171299219,1.2012479542941872,F,maintain,iv_fluids,0,2.656333125240955,-0.2395745889008053,0,0,0,0
SYN-TRAIN-053,1,train,SYN-SITE-2,SYN-OPERATOR-1,75.11984483823313,0.9616733653933819,F,iv_fluids,maintain,0,-3.0697858311635793,0.12582096859879144,1,0,0,0
SYN-TRAIN-053,2,train,SYN-SITE-2,SYN-OPERATOR-1,72.05005900706955,1.0874943339921734,F,maintain,escalate_vasopressor,1,3.9250223353071005,-0.17239546249447785,0,0,0,0
SYN-TRAIN-054,0,train,SYN-SITE-0,SYN-OPERATOR-2,88.45540346797347,4.5229913759086,M,maintain,maintain,0,0.48188647622362474,-0.17138728330614494,0,0,0,0
SYN-TRAIN-054,1,train,SYN-SITE-0,SYN-OPERATOR-2,88.93728994419709,4.351604092602455,M,maintain,iv_fluids,0,0.31802176113568237,-0.1666155942737999,0,0,0,0
SYN-TRAIN-054,2,train,SYN-SITE-0,SYN-OPERATOR-2,89.25531170533277,4.1849884983286545,M,iv_fluids,escalate_vasopressor,1,0.452944396569122,-0.07323237832795232,0,0,0,1
SYN-TRAIN-055,0,train,SYN-SITE-1,SYN-OPERATOR-3,86.48155204144284,3.1041498951068065,M,maintain,escalate_vasopressor,0,6.002033761958359,-0.018063930631059683,0,0,0,1
SYN-TRAIN-055,1,train,SYN-SITE-1,SYN-OPERATOR-3,92.4835858034012,3.086085964475747,M,escalate_vasopressor,iv_fluids,0,-0.4178003458183912,-0.11475781057658027,0,0,0,0
SYN-TRAIN-055,2,train,SYN-SITE-1,SYN-OPERATOR-3,92.0657854575828,2.971328153899167,M,iv_fluids,maintain,1,-0.42636106620703057,-0.06514929991494339,0,0,0,0
SYN-TRAIN-056,0,train,SYN-SITE-2,SYN-OPERATOR-0,77.66145548514811,3.4773363619365476,M,maintain,escalate_vasopressor,0,1.1825164552748073,0.09700988233088842,0,0,0,0
SYN-TRAIN-056,1,train,SYN-SITE-2,SYN-OPERATOR-0,78.84397194042292,3.574346244267436,M,escalate_vasopressor,maintain,0,-0.5725034465210175,0.22941764884866464,0,0,0,0
SYN-TRAIN-056,2,train,SYN-SITE-2,SYN-OPERATOR-0,78.2714684939019,3.8037638931161006,M,maintain,iv_fluids,1,2.768123959224959,0.08822241401742201,0,0,1,0
SYN-TRAIN-057,0,train,SYN-SITE-0,SYN-OPERATOR-1,72.2769756600492,4.201889722501306,F,maintain,maintain,0,-1.0511235836160975,-0.26889784061763894,0,0,0,0
SYN-TRAIN-057,1,train,SYN-SITE-0,SYN-OPERATOR-1,71.2258520764331,3.9329918818836673,F,maintain,iv_fluids,0,-1.5595772195402215,-0.18562937192578033,0,0,0,0
SYN-TRAIN-057,2,train,SYN-SITE-0,SYN-OPERATOR-1,69.66627485689288,3.747362509957887,F,iv_fluids,escalate_vasopressor,1,4.403869251143647,0.05162144058397705,0,0,0,0
SYN-TRAIN-058,0,train,SYN-SITE-1,SYN-OPERATOR-2,79.12495583854079,2.095909098441887,M,maintain,maintain,0,3.1742694623260945,-0.25098469268051693,0,0,0,0
SYN-TRAIN-058,1,train,SYN-SITE-1,SYN-OPERATOR-2,82.29922530086688,1.84492440576137,M,maintain,escalate_vasopressor,0,3.398357162980875,-0.15452765073467686,0,0,0,0
SYN-TRAIN-058,2,train,SYN-SITE-1,SYN-OPERATOR-2,85.69758246384775,1.6903967550266932,M,escalate_vasopressor,iv_fluids,1,0.6218634223846559,-0.226922416754762,0,1,0,0
SYN-TRAIN-059,0,train,SYN-SITE-2,SYN-OPERATOR-3,68.54093320024957,3.4613688973869414,M,maintain,maintain,0,3.610288688423515,-0.2085060834559876,1,0,0,0
SYN-TRAIN-059,1,train,SYN-SITE-2,SYN-OPERATOR-3,72.15122188867308,3.2528628139309537,M,maintain,iv_fluids,0,-0.27601387980417735,0.03984561979625573,0,0,0,0
SYN-TRAIN-059,2,train,SYN-SITE-2,SYN-OPERATOR-3,71.8752080088689,3.2927084337272094,M,iv_fluids,escalate_vasopressor,1,5.308227718322739,-0.2032786432040822,0,0,0,0
